{"cameraMode":{"drawMode":0,"name":"Shaded","section":"Shading Mode"},"sceneLighting":true,"audioPlay":false,"sceneViewState":{"showFog":false,"showMaterialUpdate":false,"showSkybox":false,"showFlares":false,"showImageEffects":false,"showParticleSystems":false},"in2DMode":false,"pivot":{"x":-51.83980941772461,"y":-21.086149215698243,"z":37.85744857788086},"rotation":{"x":0.23311710357666017,"y":-0.12561285495758058,"z":0.030381670221686364,"w":0.9638230204582214},"size":93.04364013671875,"orthographic":false}