{"cameraMode":{"drawMode":0,"name":"Shaded","section":"Shading Mode"},"sceneLighting":true,"audioPlay":false,"sceneViewState":{"showFog":false,"showMaterialUpdate":false,"showSkybox":false,"showFlares":false,"showImageEffects":false,"showParticleSystems":false},"in2DMode":false,"pivot":{"x":-13.505653381347657,"y":3.897343635559082,"z":5.813307762145996},"rotation":{"x":0.002809561090543866,"y":-0.00009852679067989811,"z":-2.955679789806709e-8,"w":0.9999961256980896},"size":40.31165313720703,"orthographic":false}