{"cameraMode":{"drawMode":0,"name":"Shaded","section":"Shading Mode"},"sceneLighting":true,"audioPlay":false,"sceneViewState":{"showFog":false,"showMaterialUpdate":false,"showSkybox":false,"showFlares":false,"showImageEffects":false,"showParticleSystems":false},"in2DMode":false,"pivot":{"x":-2.5525624752044679,"y":-3.5959696769714357,"z":7.725771903991699},"rotation":{"x":0.11981891840696335,"y":-0.6095561981201172,"z":0.09387766569852829,"w":0.7779920697212219},"size":66.508056640625,"orthographic":false}